{
  "color": {
    "height": 342,
    "width": 448,
    "fx": 522.9379789,
    "fy": 373.3617853,
    "ppx": 217.946713,
    "ppy": 159.288377,
    "distortion": {
      "rk1": 0.0,
      "rk2": 0.0,
      "rk3": 0.0,
      "tp1": 0.0,
      "tp2": 0.0
    }
  },
  "depth": {
    "height": 171,
    "width": 224,
    "fx": 0.0,
    "fy": 0.0,
    "ppx": 0.0,
    "ppy": 0.0,
    "distortion": {
      "rk1": 0.0,
      "rk2": 0.0,
      "rk3": 0.0,
      "tp1": 0.0,
      "tp2": 0.0
    }
  },
  "extrinsics_depth_to_color": {
    "rotation": [
      1.0,
      0.0,
      0.0,
      0.0,
      1.0,
      0.0,
      0.0,
      0.0,
      1.0
    ],
    "translation": [
      0.0,
      0.0,
      0.0
    ]
  }
}
