{
    "color":
    {
        "height": 768,
        "width": 1024,
        "fx": 821.32642889,
        "fy": 821.68607359,
        "ppx": 494.95941428,
        "ppy": 370.70529534,
        "distortion":
        {
            "rk1": 0.11297234,
            "rk2": -0.21375332,
            "rk3": -0.01584774,
            "tp1": -0.00302002,
            "tp2": 0.19969297
        }
    },
    "depth":
    {
        "height": 171,
        "width": 224,
        "fx": 216.583,
        "fy": 216.583,
        "ppx": 116.385,
        "ppy": 87.7112,
        "distortion":
        {
            "rk1": 0.10837,
            "rk2": -3.06437,
            "rk3": 5.76528,
            "tp1": 2.67302E-16,
            "tp2": 6.04658E-16
        }
    },
    "extrinsics_depth_to_color":
    {
        "rotation":
        [
            1.0,
            0.0,
            0.0,
            0.0,
            1.0,
            0.0,
            0.0,
            0.0,
            1.0
        ],
        "translation":
        [
            0.0,
            0.0,
            0.0
        ]
    }
}
