{
    "rectangles": {
        "0": {
            "StartX": 9,
            "StartY": 7,
            "EndX": 360,
            "EndY": 246
        },
        "1": {
            "StartX": 447,
            "StartY": 407,
            "EndX": 782,
            "EndY": 592
        }
    },
    "circles": {
        "0": {
            "CenterX": 108,
            "CenterY": 316,
            "Radius": 52.009614495783374
        },
        "1": {
            "CenterX": 326,
            "CenterY": 361,
            "Radius": 44.77722635447622
        },
        "2": {
            "CenterX": 480,
            "CenterY": 245,
            "Radius": 56.08029957123981
        },
        "3": {
            "CenterX": 680,
            "CenterY": 332,
            "Radius": 67.97793759742936
        }
    }
}