{
    "height_px": 720,
    "width_px": 1280,
    "fx": 900.538000,
    "fy": 900.818000,
    "ppx": 648.934000,
    "ppy": 367.736000,
    "distortion": {
        "rk1": 0.158701,
        "rk2": -0.485405,
        "rk3": 0.435342,
        "tp1": -0.00143327,
        "tp2": -0.000705919
    }
}
