{
  "FaceTime HD Camera": {
    "ppx": 446,
    "ppy": 585,
    "height_px": 720,
    "fx": 1055,d
    "fy": 1209,
    "width_px": 1280
  },
  "Logitech BRIO": {
    "fx": 740.0304302692135,
    "fy": 740.4105603669158,
    "height_px": 720,
    "ppx": 640.4552253799196,
    "ppy": 371.8080142996358,
    "width_px": 1280
  },
  "C270 HD WEBCAM": {
    "fx": 911.4644040206691,
    "fy": 912.7619272761438,
    "height_px": 480,
    "ppx": 352.3560568978409,
    "ppy": 218.83896179564766,
    "width_px": 640
  },
  "HD Webcam eMeet C950": {
    "fx": 1630.8007951390407,
    "fy": 1640.6785145222568,
    "height_px": 1080,
    "ppx": 1060.5854553632203,
    "ppy": 485.6573920452437,
    "width_px": 1920
  },
  "GENERAL WEBCAM": {
    "fx": 724.2002169657624,
    "fy": 729.8226006721098,
    "height_px": 480,
    "ppx": 324.1225833049127,
    "ppy": 244.44003874099673,
    "width_px": 640
  }
}
